-- phpMyAdmin SQL Dump
-- version 3.4.5
-- http://www.phpmyadmin.net
--
-- Servidor: localhost
-- Tiempo de generación: 13-05-2024 a las 04:15:25
-- Versión del servidor: 5.5.16
-- Versión de PHP: 5.3.8

SET SQL_MODE="NO_AUTO_VALUE_ON_ZERO";
SET time_zone = "+00:00";


/*!40101 SET @OLD_CHARACTER_SET_CLIENT=@@CHARACTER_SET_CLIENT */;
/*!40101 SET @OLD_CHARACTER_SET_RESULTS=@@CHARACTER_SET_RESULTS */;
/*!40101 SET @OLD_COLLATION_CONNECTION=@@COLLATION_CONNECTION */;
/*!40101 SET NAMES utf8 */;

--
-- Base de datos: `spotify`
--

-- --------------------------------------------------------

--
-- Estructura de tabla para la tabla `artistas`
--

CREATE TABLE IF NOT EXISTS `artistas` (
  `id_artista` int(100) NOT NULL AUTO_INCREMENT,
  `nombre` varchar(100) COLLATE utf8_spanish_ci NOT NULL,
  `correo` varchar(100) COLLATE utf8_spanish_ci NOT NULL,
  PRIMARY KEY (`id_artista`)
) ENGINE=InnoDB  DEFAULT CHARSET=utf8 COLLATE=utf8_spanish_ci AUTO_INCREMENT=31 ;

--
-- Volcado de datos para la tabla `artistas`
--

INSERT INTO `artistas` (`id_artista`, `nombre`, `correo`) VALUES
(1, 'Michael Jackson', 'michael.jackson@gmail.com'),
(2, 'The Beatles', 'thebeatles@gmail.com'),
(3, 'Queen', 'queen@gmail.com'),
(4, 'Elton John', 'eltonjohn@gmail.com'),
(5, 'Madonna', 'madonna@gmail.com'),
(6, 'Bob Marley', 'bobmarley@gmail.com'),
(7, 'Led Zeppelin', 'ledzeppelin@gmail.com'),
(8, 'Pink Floyd', 'pinkfloyd@gmail.com'),
(9, 'Bad Bunny', 'badbunny@gmail.com'),
(10, 'Prince Royce', 'princeroyce@gmail.com'),
(11, 'The Rolling Stones', 'rollingstones@gmail.com'),
(12, 'Harry Styles', 'harrystyles@gmail.com'),
(13, 'Adele', 'adele@gmail.com'),
(14, 'Beyoncé', 'beyonce@gmail.com'),
(15, 'The Weeknd', 'theweeknd@gmail.com'),
(16, 'Ed Sheeran', 'edsheeran@gmail.com'),
(17, 'Taylor Swift', 'taylorswift@gmail.com'),
(18, 'Eminem', 'eminem@gmail.com'),
(19, 'Kanye West', 'kanyewest@gmail.com'),
(20, 'Drake', 'drake@gmail.com'),
(21, 'Rihanna', 'rihanna@gmail.com'),
(22, 'Coldplay', 'coldplay@gmail.com'),
(23, 'U2', 'u2@gmail.com'),
(24, 'Metallica', 'metallica@gmail.com'),
(25, 'Nirvana', 'nirvana@gmail.com'),
(26, 'Red Hot Chili Peppers', 'redhotchilipeppers@gmail.com'),
(27, 'AC/DC', 'acdc@gmail.com'),
(28, 'Bruno Mars', 'brunomars@gmail.com'),
(29, 'Radiohead', 'radiohead@gmail.com'),
(30, 'Queen', 'queen@gmail.com');

-- --------------------------------------------------------

--
-- Estructura de tabla para la tabla `genero_musical`
--

CREATE TABLE IF NOT EXISTS `genero_musical` (
  `id_genero` int(100) NOT NULL AUTO_INCREMENT,
  `nombre` varchar(100) COLLATE utf8_spanish_ci NOT NULL,
  PRIMARY KEY (`id_genero`)
) ENGINE=InnoDB  DEFAULT CHARSET=utf8 COLLATE=utf8_spanish_ci AUTO_INCREMENT=51 ;

--
-- Volcado de datos para la tabla `genero_musical`
--

INSERT INTO `genero_musical` (`id_genero`, `nombre`) VALUES
(1, 'Pop'),
(2, 'Rock'),
(3, 'Metal'),
(4, 'Salsa'),
(5, 'Corridos'),
(6, 'Reggaeton'),
(7, 'Rap'),
(8, 'Trap'),
(9, 'Bachata'),
(10, 'Clasica'),
(11, 'Jazz'),
(12, 'Blues'),
(13, 'Funk'),
(14, 'Soul'),
(15, 'R&B'),
(16, 'Reggae'),
(17, 'Folk'),
(18, 'Country'),
(19, 'Bluegrass'),
(20, 'Jazz fusion'),
(21, 'Swing'),
(22, 'Ska'),
(23, 'Punk'),
(24, 'Indie'),
(25, 'Alternative'),
(26, 'Ambient'),
(27, 'Electronic'),
(28, 'Techno'),
(29, 'House'),
(30, 'Drum and Bass'),
(31, 'Dubstep'),
(32, 'Trance'),
(33, 'Breakbeat'),
(34, 'Trip-hop'),
(35, 'Disco'),
(36, 'Hip-hop'),
(37, 'Dancehall'),
(38, 'Calypso'),
(39, 'Soca'),
(40, 'Flamenco'),
(41, 'Mariachi'),
(42, 'Tango'),
(43, 'Samba'),
(44, 'Bossa nova'),
(45, 'Merengue'),
(46, 'Cumbia'),
(47, 'Mambo'),
(48, 'Cha-cha-chá'),
(49, 'Bolero'),
(50, 'Vallenato');

-- --------------------------------------------------------

--
-- Estructura de tabla para la tabla `gustos`
--

CREATE TABLE IF NOT EXISTS `gustos` (
  `id_gustos` int(100) NOT NULL AUTO_INCREMENT,
  `id_genero` int(100) NOT NULL,
  `id_usuario` int(100) NOT NULL,
  PRIMARY KEY (`id_gustos`),
  KEY `id_genero` (`id_genero`),
  KEY `id_usuario` (`id_usuario`)
) ENGINE=InnoDB  DEFAULT CHARSET=utf8 COLLATE=utf8_spanish_ci AUTO_INCREMENT=891 ;

--
-- Volcado de datos para la tabla `gustos`
--

INSERT INTO `gustos` (`id_gustos`, `id_genero`, `id_usuario`) VALUES
(1, 4, 5),
(2, 9, 1),
(3, 6, 1),
(4, 4, 2),
(5, 1, 4),
(6, 2, 4),
(7, 6, 2),
(8, 5, 2),
(9, 1, 2),
(10, 8, 3),
(11, 3, 3),
(12, 6, 3),
(13, 10, 1),
(14, 8, 1),
(15, 2, 3),
(16, 8, 7),
(17, 10, 9),
(18, 1, 10),
(19, 5, 5),
(20, 6, 8),
(21, 4, 9),
(22, 3, 10),
(23, 2, 11),
(24, 3, 7),
(25, 4, 6),
(26, 3, 12),
(27, 9, 5),
(28, 6, 7),
(29, 1, 6),
(30, 6, 6),
(301, 13, 1),
(302, 18, 1),
(303, 20, 1),
(304, 21, 1),
(305, 22, 1),
(306, 12, 2),
(307, 15, 2),
(308, 16, 2),
(309, 17, 2),
(310, 19, 2),
(311, 11, 3),
(312, 14, 3),
(313, 16, 3),
(314, 17, 3),
(315, 18, 3),
(316, 11, 4),
(317, 12, 4),
(318, 15, 4),
(319, 18, 4),
(320, 19, 4),
(321, 12, 5),
(322, 13, 5),
(323, 14, 5),
(324, 15, 5),
(325, 16, 5),
(326, 12, 6),
(327, 13, 6),
(328, 14, 6),
(329, 17, 6),
(330, 20, 6),
(331, 12, 7),
(332, 14, 7),
(333, 15, 7),
(334, 17, 7),
(335, 18, 7),
(336, 11, 8),
(337, 14, 8),
(338, 15, 8),
(339, 17, 8),
(340, 19, 8),
(341, 11, 9),
(342, 12, 9),
(343, 14, 9),
(344, 16, 9),
(345, 17, 9),
(346, 13, 10),
(347, 14, 10),
(348, 15, 10),
(349, 5, 10),
(350, 1, 10),
(351, 13, 11),
(352, 18, 11),
(353, 5, 11),
(354, 21, 11),
(355, 22, 11),
(356, 12, 12),
(357, 15, 12),
(358, 16, 12),
(359, 17, 12),
(360, 19, 12),
(361, 1, 13),
(362, 2, 13),
(363, 5, 13),
(364, 17, 13),
(365, 18, 13),
(366, 11, 14),
(367, 5, 14),
(368, 15, 14),
(369, 9, 14),
(370, 19, 14),
(371, 4, 15),
(372, 13, 15),
(373, 14, 15),
(374, 8, 15),
(375, 9, 15),
(376, 3, 16),
(377, 13, 16),
(378, 14, 16),
(379, 8, 16),
(380, 20, 16),
(381, 8, 17),
(382, 14, 17),
(383, 7, 17),
(384, 17, 17),
(385, 10, 17),
(386, 11, 18),
(387, 3, 18),
(388, 15, 18),
(389, 1, 18),
(390, 5, 18),
(391, 2, 19),
(392, 12, 19),
(393, 3, 19),
(394, 4, 19),
(395, 11, 19),
(396, 4, 20),
(397, 46, 20),
(398, 45, 20),
(399, 5, 20),
(400, 7, 20),
(401, 36, 21),
(402, 37, 21),
(403, 34, 21),
(404, 35, 21),
(405, 33, 21),
(406, 27, 22),
(407, 28, 22),
(408, 30, 22),
(409, 31, 22),
(410, 32, 22),
(411, 2, 23),
(412, 7, 23),
(413, 6, 23),
(414, 26, 23),
(415, 28, 23),
(416, 1, 24),
(417, 6, 24),
(418, 7, 24),
(419, 27, 24),
(420, 28, 24),
(421, 6, 25),
(422, 7, 25),
(423, 10, 25),
(424, 29, 25),
(425, 30, 25),
(426, 1, 26),
(427, 5, 26),
(428, 17, 26),
(429, 2, 26),
(430, 16, 26),
(431, 24, 27),
(432, 25, 27),
(433, 26, 27),
(434, 27, 27),
(435, 28, 27),
(436, 24, 28),
(437, 25, 28),
(438, 26, 28),
(439, 27, 28),
(440, 28, 28),
(441, 10, 29),
(442, 25, 29),
(443, 30, 29),
(444, 31, 29),
(445, 32, 29),
(446, 24, 30),
(447, 25, 30),
(448, 26, 30),
(449, 27, 30),
(450, 28, 30),
(451, 11, 31),
(452, 20, 31),
(453, 21, 31),
(454, 22, 31),
(455, 23, 31),
(456, 16, 32),
(457, 17, 32),
(458, 18, 32),
(459, 19, 32),
(460, 20, 32),
(461, 22, 33),
(462, 23, 33),
(463, 24, 33),
(464, 25, 33),
(465, 26, 33),
(466, 13, 34),
(467, 14, 34),
(468, 15, 34),
(469, 16, 34),
(470, 17, 34),
(471, 18, 35),
(472, 19, 35),
(473, 20, 35),
(474, 21, 35),
(475, 22, 35),
(476, 12, 36),
(477, 13, 36),
(478, 14, 36),
(479, 15, 36),
(480, 16, 36),
(481, 27, 37),
(482, 28, 37),
(483, 29, 37),
(484, 30, 37),
(485, 31, 37),
(486, 2, 38),
(487, 11, 38),
(488, 24, 38),
(489, 25, 38),
(490, 26, 38),
(491, 4, 39),
(492, 9, 39),
(493, 20, 39),
(494, 21, 39),
(495, 25, 39),
(496, 27, 40),
(497, 28, 40),
(498, 29, 40),
(499, 30, 40),
(500, 31, 40),
(501, 1, 41),
(502, 9, 41),
(503, 17, 41),
(504, 18, 41),
(505, 19, 41),
(506, 27, 42),
(507, 28, 42),
(508, 29, 42),
(509, 30, 42),
(510, 31, 42),
(511, 1, 43),
(512, 7, 43),
(513, 34, 43),
(514, 35, 43),
(515, 36, 43),
(516, 6, 44),
(517, 7, 44),
(518, 8, 44),
(519, 36, 44),
(520, 37, 44),
(521, 27, 45),
(522, 28, 45),
(523, 29, 45),
(524, 30, 45),
(525, 31, 45),
(526, 1, 46),
(527, 4, 46),
(528, 17, 46),
(529, 18, 46),
(530, 19, 46),
(531, 2, 47),
(532, 3, 47),
(533, 23, 47),
(534, 24, 47),
(535, 25, 47),
(536, 6, 48),
(537, 7, 48),
(538, 36, 48),
(539, 37, 48),
(540, 38, 48),
(541, 11, 49),
(542, 12, 49),
(543, 37, 49),
(544, 38, 49),
(545, 39, 49),
(546, 2, 50),
(547, 3, 50),
(548, 7, 50),
(549, 10, 50),
(550, 11, 50),
(551, 16, 51),
(552, 17, 51),
(553, 18, 51),
(554, 19, 51),
(555, 20, 51),
(556, 10, 52),
(557, 11, 52),
(558, 17, 52),
(559, 18, 52),
(560, 19, 52),
(561, 16, 53),
(562, 17, 53),
(563, 18, 53),
(564, 19, 53),
(565, 20, 53),
(566, 2, 54),
(567, 24, 54),
(568, 25, 54),
(569, 26, 54),
(570, 27, 54),
(571, 24, 55),
(572, 25, 55),
(573, 26, 55),
(574, 27, 55),
(575, 28, 55),
(576, 36, 56),
(577, 37, 56),
(578, 38, 56),
(579, 39, 56),
(580, 40, 56),
(581, 27, 57),
(582, 28, 57),
(583, 29, 57),
(584, 30, 57),
(585, 31, 57),
(586, 11, 58),
(587, 12, 58),
(588, 37, 58),
(589, 38, 58),
(590, 39, 58),
(591, 11, 59),
(592, 12, 59),
(593, 37, 59),
(594, 38, 59),
(595, 39, 59),
(596, 2, 60),
(597, 3, 60),
(598, 7, 60),
(599, 10, 60),
(600, 11, 60),
(601, 16, 61),
(602, 17, 61),
(603, 18, 61),
(604, 19, 61),
(605, 20, 61),
(606, 10, 62),
(607, 11, 62),
(608, 17, 62),
(609, 18, 62),
(610, 19, 62),
(611, 16, 63),
(612, 17, 63),
(613, 18, 63),
(614, 19, 63),
(615, 20, 63),
(616, 4, 64),
(617, 9, 64),
(618, 45, 64),
(619, 14, 64),
(620, 15, 64),
(621, 27, 65),
(622, 28, 65),
(623, 29, 65),
(624, 30, 65),
(625, 31, 65),
(626, 2, 66),
(627, 3, 66),
(628, 5, 66),
(629, 6, 66),
(630, 7, 66),
(631, 36, 67),
(632, 37, 67),
(633, 38, 67),
(634, 39, 67),
(635, 40, 67),
(636, 18, 68),
(637, 19, 68),
(638, 21, 68),
(639, 22, 68),
(640, 23, 68),
(641, 3, 69),
(642, 11, 69),
(643, 17, 69),
(644, 18, 69),
(645, 19, 69),
(646, 23, 70),
(647, 24, 70),
(648, 25, 70),
(649, 26, 70),
(650, 27, 70),
(651, 36, 71),
(652, 37, 71),
(653, 38, 71),
(654, 39, 71),
(655, 40, 71),
(656, 23, 72),
(657, 24, 72),
(658, 25, 72),
(659, 26, 72),
(660, 27, 72),
(661, 10, 73),
(662, 23, 73),
(663, 24, 73),
(664, 25, 73),
(665, 26, 73),
(666, 22, 74),
(667, 23, 74),
(668, 24, 74),
(669, 25, 74),
(670, 26, 74),
(671, 33, 75),
(672, 34, 75),
(673, 35, 75),
(674, 36, 75),
(675, 37, 75),
(676, 18, 76),
(677, 19, 76),
(678, 20, 76),
(679, 21, 76),
(680, 22, 76),
(681, 36, 77),
(682, 37, 77),
(683, 38, 77),
(684, 39, 77),
(685, 40, 77),
(686, 24, 78),
(687, 25, 78),
(688, 26, 78),
(689, 27, 78),
(690, 28, 78),
(691, 23, 79),
(692, 24, 79),
(693, 25, 79),
(694, 26, 79),
(695, 27, 79),
(696, 22, 80),
(697, 23, 80),
(698, 24, 80),
(699, 25, 80),
(700, 26, 80),
(701, 11, 81),
(702, 12, 81),
(703, 13, 81),
(704, 14, 81),
(705, 15, 81),
(706, 24, 82),
(707, 25, 82),
(708, 26, 82),
(709, 27, 82),
(710, 28, 82),
(711, 36, 83),
(712, 37, 83),
(713, 38, 83),
(714, 39, 83),
(715, 40, 83),
(716, 7, 84),
(717, 8, 84),
(718, 9, 84),
(719, 10, 84),
(720, 11, 84),
(721, 21, 85),
(722, 22, 85),
(723, 23, 85),
(724, 24, 85),
(725, 25, 85),
(726, 27, 86),
(727, 28, 86),
(728, 29, 86),
(729, 30, 86),
(730, 31, 86),
(731, 1, 87),
(732, 2, 87),
(733, 3, 87),
(734, 4, 87),
(735, 5, 87),
(736, 2, 88),
(737, 3, 88),
(738, 4, 88),
(739, 5, 88),
(740, 6, 88),
(741, 9, 89),
(742, 10, 89),
(743, 11, 89),
(744, 12, 89),
(745, 13, 89),
(746, 18, 90),
(747, 19, 90),
(748, 20, 90),
(749, 21, 90),
(750, 22, 90),
(751, 11, 91),
(752, 14, 91),
(753, 11, 91),
(754, 14, 91),
(755, 13, 91),
(756, 2, 92),
(757, 3, 92),
(758, 2, 92),
(759, 3, 92),
(760, 4, 92),
(761, 6, 93),
(762, 36, 93),
(763, 15, 93),
(764, 7, 93),
(765, 8, 93),
(766, 6, 94),
(767, 7, 94),
(768, 8, 94),
(769, 9, 94),
(770, 10, 94),
(771, 5, 95),
(772, 6, 95),
(773, 7, 95),
(774, 8, 95),
(775, 9, 95),
(776, 26, 96),
(777, 27, 96),
(778, 28, 96),
(779, 29, 96),
(780, 30, 96),
(781, 1, 97),
(782, 2, 97),
(783, 4, 97),
(784, 1, 97),
(785, 2, 97),
(786, 9, 98),
(787, 10, 98),
(788, 11, 98),
(789, 12, 98),
(790, 13, 98),
(791, 3, 99),
(792, 4, 99),
(793, 5, 99),
(794, 6, 99),
(795, 7, 99),
(796, 24, 100),
(797, 25, 100),
(798, 26, 100),
(799, 27, 100),
(800, 28, 100),
(801, 11, 101),
(802, 21, 101),
(803, 11, 101),
(804, 22, 101),
(805, 23, 101),
(806, 24, 102),
(807, 25, 102),
(808, 26, 102),
(809, 27, 102),
(810, 28, 102),
(811, 36, 103),
(812, 37, 103),
(813, 38, 103),
(814, 39, 103),
(815, 40, 103),
(816, 7, 104),
(817, 8, 104),
(818, 9, 104),
(819, 10, 104),
(820, 11, 104),
(821, 21, 105),
(822, 22, 105),
(823, 23, 105),
(824, 24, 105),
(825, 25, 105),
(826, 27, 106),
(827, 28, 106),
(828, 29, 106),
(829, 30, 106),
(830, 31, 106),
(831, 1, 107),
(832, 2, 107),
(833, 3, 107),
(834, 4, 107),
(835, 5, 107),
(836, 2, 108),
(837, 3, 108),
(838, 4, 108),
(839, 5, 108),
(840, 6, 108),
(841, 9, 109),
(842, 10, 109),
(843, 11, 109),
(844, 12, 109),
(845, 13, 109),
(846, 3, 110),
(847, 4, 110),
(848, 5, 110),
(849, 6, 110),
(850, 7, 110),
(851, 12, 111),
(852, 13, 111),
(853, 14, 111),
(854, 15, 111),
(855, 16, 111),
(856, 2, 112),
(857, 3, 112),
(858, 4, 112),
(859, 5, 112),
(860, 6, 112),
(861, 6, 113),
(862, 7, 113),
(863, 8, 113),
(864, 9, 113),
(865, 10, 113),
(866, 7, 114),
(867, 8, 114),
(868, 9, 114),
(869, 10, 114),
(870, 11, 114),
(871, 4, 115),
(872, 5, 115),
(873, 6, 115),
(874, 7, 115),
(875, 8, 115),
(876, 26, 116),
(877, 27, 116),
(878, 28, 116),
(879, 29, 116),
(880, 30, 116),
(881, 1, 117),
(882, 2, 117),
(883, 3, 117),
(884, 4, 117),
(885, 5, 117),
(886, 2, 118),
(887, 3, 118),
(888, 4, 118),
(889, 5, 118),
(890, 6, 118);

-- --------------------------------------------------------

--
-- Estructura de tabla para la tabla `gustos_artista`
--

CREATE TABLE IF NOT EXISTS `gustos_artista` (
  `id_gustos_artista` int(100) NOT NULL AUTO_INCREMENT,
  `id_artista` int(100) NOT NULL,
  `id_usuario` int(100) NOT NULL,
  PRIMARY KEY (`id_gustos_artista`),
  KEY `id_artista` (`id_artista`),
  KEY `id_usuario` (`id_usuario`)
) ENGINE=InnoDB  DEFAULT CHARSET=utf8 COLLATE=utf8_spanish_ci AUTO_INCREMENT=1024 ;

--
-- Volcado de datos para la tabla `gustos_artista`
--

INSERT INTO `gustos_artista` (`id_gustos_artista`, `id_artista`, `id_usuario`) VALUES
(1, 6, 4),
(2, 20, 13),
(3, 2, 17),
(4, 1, 2),
(5, 15, 8),
(6, 18, 3),
(7, 15, 16),
(8, 1, 11),
(9, 5, 14),
(10, 8, 10),
(11, 6, 12),
(12, 4, 7),
(13, 14, 6),
(14, 3, 9),
(15, 7, 1),
(16, 16, 18),
(17, 17, 15),
(18, 10, 5),
(19, 13, 4),
(20, 9, 13),
(21, 12, 17),
(22, 13, 2),
(23, 13, 8),
(24, 30, 3),
(25, 13, 16),
(26, 24, 11),
(27, 29, 14),
(28, 22, 10),
(29, 20, 12),
(30, 22, 7);

-- --------------------------------------------------------

--
-- Estructura de tabla para la tabla `usuarios`
--

CREATE TABLE IF NOT EXISTS `usuarios` (
  `id_usuario` int(100) NOT NULL AUTO_INCREMENT,
  `nombre` varchar(100) COLLATE utf8_spanish_ci NOT NULL,
  `apellido` varchar(100) COLLATE utf8_spanish_ci NOT NULL,
  `edad` int(100) NOT NULL,
  `genero` varchar(100) COLLATE utf8_spanish_ci NOT NULL,
  `telefono` int(100) NOT NULL,
  `correo` varchar(100) COLLATE utf8_spanish_ci NOT NULL,
  `descripcion` varchar(200) COLLATE utf8_spanish_ci NOT NULL,
  PRIMARY KEY (`id_usuario`)
) ENGINE=InnoDB  DEFAULT CHARSET=utf8 COLLATE=utf8_spanish_ci AUTO_INCREMENT=119 ;

--
-- Volcado de datos para la tabla `usuarios`
--

INSERT INTO `usuarios` (`id_usuario`, `nombre`, `apellido`, `edad`, `genero`, `telefono`, `correo`, `descripcion`) VALUES
(1, 'Daniel', 'Lopez', 19, 'Masculino', 69807939, 'danilepez@gmail.com', 'Amante de la música y explorador de nuevos sonidos. Mi playlist es una mezcla de diferentes géneros que me inspiran.'),
(2, 'Dorian', 'Ticona', 22, 'Masculino', 76451324, 'dorian@gmail.com', 'Apasionado por la diversidad musical. Siempre en busca de nuevas melodías para alimentar mis oídos.'),
(3, 'Camila', 'Bocangel', 20, 'Femenino', 76590897, 'camila@gmail.com', 'Melómana dedicada a explorar los rincones de la música. Disfruto descubriendo artistas de todos los estilos.'),
(4, 'Pablo', 'Acha', 19, 'Masculino', 67549821, 'pablo@gmail.com', 'Entusiasta de la música y coleccionista de sonidos. Mi biblioteca musical es un reflejo de mi amor por la diversidad.'),
(5, 'Jorge', 'Saenz', 21, 'Masculino', 76509876, 'jorgesaenz@gmail.com', 'Fiel seguidor de la música en todas sus formas. Mi lista de reproducción es un viaje a través de diferentes géneros y emociones.'),
(6, 'Paul', 'Landaeta', 31, 'Masculino', 75645289, 'paul@gmail.com', 'Amante de los ritmos latinos y la energía de la música. Siempre listo para bailar al son de nuevos artistas.'),
(7, 'Mazen', 'Abuhamdan', 20, 'Masculino', 67584132, 'mazen@gmail.com', 'Explorador musical con un amor por los sonidos latinos. Mi playlist es una mezcla de Trap, Reggaeton y más.'),
(8, 'Camilo', 'Zuleta', 19, 'Masculino', 79584866, 'toto@gmail.com', 'Curioso y siempre buscando nuevos sonidos para descubrir. Mi lista de reproducción es una aventura constante.'),
(9, 'Ana', 'Vargas', 25, 'Femenino', 74615212, 'ana@gmail.com', 'Enamorada de la música latina y sus ritmos contagiosos. Disfruto de la Bachata y el Reggaeton en cualquier momento.'),
(10, 'Isabella', 'Alvarez', 17, 'Femenino', 67586251, 'isabella@gmail.com', 'Chica ecléctica con una pasión por la música en todas sus formas. Mi playlist es una mezcla de diferentes géneros y estilos.'),
(11, 'Ernesto', 'Castro', 31, 'Masculino', 69087364, 'castro@gmail.com\r\n', 'Devoto de la música y siempre en busca de nuevas inspiraciones. Mi biblioteca musical es una fuente constante de alegría.'),
(12, 'Ximena', 'Bocangel', 24, 'Femenino', 76541311, 'ximena@gmail.com', 'Aficionado a los ritmos urbanos y la energía del Trap y el Reggaeton. Siempre buscando nuevas canciones para escuchar.'),
(13, 'Laura', 'Martinez', 23, 'Femenino', 73214567, 'laura@gmail.com', 'Entusiasta de la música latina y sus ritmos vibrantes. Mi lista de reproducción es una celebración constante de la vida.'),
(14, 'Carlos', 'Garcia', 28, 'Masculino', 68745231, 'carlos@gmail.com', 'Fanático de los ritmos urbanos y la atmósfera del Trap y el Reggaeton. Mi playlist es una experiencia de inmersión total.'),
(15, 'Andrea', 'Lopez', 26, 'Femenino', 71589632, 'andrea@gmail.com', 'Melómano dedicado a explorar los sonidos del Pop y el Reggaeton. Mi biblioteca musical es una ventana a diferentes emociones.'),
(16, 'Alejandro', 'Perez', 30, 'Masculino', 79856412, 'alejandro@gmail.com', 'Apasionado por la música y su capacidad para conectar emociones. Mi playlist es un viaje a través de diferentes estados de ánimo.'),
(17, 'María', 'Gonzalez', 20, 'Femenino', 74589621, 'maria@gmail.com', 'Seguidor de la música latina y su poder para animar cualquier día. Siempre listo para bailar al ritmo del Reggaeton.'),
(18, 'Juan', 'Diaz', 25, 'Masculino', 76549871, 'juan@gmail.com', 'Aficionado al Pop y sus melodías pegajosas. Mi lista de reproducción es una mezcla de éxitos que nunca pasan de moda.'),
(19, 'Gabriel', 'Rojas', 23, 'Masculino', 75421369, 'gabriel@gmail.com', 'Amante del Rock Clásico y el Blues desde siempre. Mis artistas favoritos son Led Zeppelin, Eric Clapton y Jimi Hendrix.'),
(20, 'Valeria', 'Morales', 24, 'Femenino', 71234598, 'valeria@gmail.com', 'Apasionada por la música latina, especialmente la Salsa y el Merengue. Mis ídolos son Celia Cruz, Marc Anthony y Gilberto Santa Rosa.'),
(21, 'Santiago', 'González', 21, 'Masculino', 76543210, 'santiago@gmail.com', 'Fanático del Hip-hop y el Rap, disfruto de letras con profundidad y ritmos contagiosos. Mis artistas favoritos incluyen a Tupac, Eminem y Nas.'),
(22, 'María José', 'Rodríguez', 22, 'Femenino', 72143698, 'mariajose@gmail.com', 'Admiradora de la música electrónica y sus diversas ramificaciones. Mis gustos van desde el Techno hasta el Trance, con artistas como Tiesto, Deadmau5 y Armin van Buuren.'),
(23, 'Diego', 'García', 20, 'Masculino', 79856423, 'diego@gmail.com', 'Seguidor del Reggaeton y la música urbana, siempre buscando los últimos éxitos del género. Disfruto de artistas como Daddy Yankee, Ozuna y Bad Bunny.'),
(24, 'Luis', 'Moreno', 26, 'Masculino', 75648921, 'luis@gmail.com', 'Amante de la música Pop y sus melodías pegajosas. Disfruto de artistas como Michael Jackson, Madonna y Taylor Swift.'),
(25, 'Elena', 'Cruz', 20, 'Femenino', 71458962, 'elena@gmail.com', 'Entusiasta de la música Indie y Alternative, siempre en búsqueda de nuevos sonidos y bandas emergentes.'),
(26, 'Martín', 'Torres', 24, 'Masculino', 78965412, 'martin@gmail.com', 'Aficionado a la música clásica y sus composiciones atemporales. Disfruto de obras de compositores como Beethoven, Mozart y Bach.'),
(27, 'Carolina', 'Gutiérrez', 21, 'Femenino', 74589632, 'carolina@gmail.com', 'Apasionada por el Jazz y sus improvisaciones fascinantes. Mis artistas favoritos incluyen a Miles Davis, John Coltrane y Billie Holiday.'),
(28, 'Fernando', 'López', 25, 'Masculino', 72549863, 'fernando@gmail.com', 'Seguidor del Reggae y su mensaje positivo. Disfruto de artistas como Bob Marley, Peter Tosh y Jimmy Cliff.'),
(29, 'Sofía', 'Ruiz', 22, 'Femenino', 73458962, 'sofia@gmail.com', 'Melómana dedicada a explorar los sonidos del Funk y el Soul. Disfruto de artistas como James Brown, Aretha Franklin y Earth, Wind & Fire.'),
(30, 'Mateo', 'Sánchez', 23, 'Masculino', 76549832, 'mateo@gmail.com', 'Aficionado al Country y sus historias de la vida real. Mis artistas favoritos son Johnny Cash, Willie Nelson y Dolly Parton.'),
(31, 'Lucía', 'García', 20, 'Femenino', 72568931, 'lucia@gmail.com', 'Seguidora del Blues y su expresión emocional. Disfruto de artistas como B.B. King, Muddy Waters y Etta James.'),
(32, 'Pedro', 'López', 24, 'Masculino', 74561298, 'pedro@gmail.com', 'Amante de la música electrónica y sus diversas ramificaciones. Mis gustos van desde el House hasta el Techno, con artistas como Daft Punk, Calvin Harris y David Guetta.'),
(33, 'Valentina', 'Soto', 21, 'Femenino', 79563412, 'valentina@gmail.com', 'Apasionada por el Rock alternativo y su energía única. Disfruto de bandas como Nirvana, Radiohead y Arctic Monkeys.'),
(34, 'Juliana', 'Ortega', 25, 'Femenino', 73659874, 'juliana@gmail.com', 'Amante de la música latina y sus ritmos contagiosos. Disfruto de la Salsa, la Bachata y el Reggaeton, con artistas como Marc Anthony, Romeo Santos y Shakira.'),
(35, 'David', 'Hernández', 23, 'Masculino', 79856321, 'david@gmail.com', 'Entusiasta de la música electrónica y la cultura de los clubes. Mis géneros favoritos incluyen el Techno, el House y el Trance, con artistas como Carl Cox, Paul van Dyk y Above & Beyond.'),
(36, 'Pamela', 'Rueda', 22, 'Femenino', 71459832, 'pamelarueda@gmail.com', 'Seguidora del Pop y sus melodías pegajosas. Mis artistas favoritos son Taylor Swift, Ariana Grande y Katy Perry.'),
(37, 'Andrés', 'Rodríguez', 24, 'Masculino', 78569321, 'andres@gmail.com', 'Aficionado al Rock y sus diversos subgéneros. Disfruto del Rock clásico, el Hard Rock y el Heavy Metal, con bandas como Metallica, Iron Maiden y Guns N Roses.'),
(38, 'Jade', 'Fernández', 20, 'Femenino', 72569874, 'laura@gmail.com', 'Apasionada por el Hip-hop y el Rap, disfruto de letras con profundidad y ritmos innovadores. Mis artistas favoritos incluyen a Kendrick Lamar, J. Cole y Drake.'),
(39, 'Aaron', 'Alvarez', 25, 'Masculino', 76549832, 'diego@gmail.com', 'Seguidor del Reggaeton y sus ritmos contagiosos. Disfruto de artistas como Daddy Yankee, Ozuna y Wisin & Yandel.'),
(40, 'Keyla', 'Gómez', 22, 'Femenino', 72569874, 'valeria@gmail.com', 'Amante de la música Dance y sus ritmos electrónicos. Mis artistas favoritos son Avicii, Martin Garrix y Swedish House Mafia.'),
(41, 'Manuel', 'Díaz', 24, 'Masculino', 74569321, 'manuel@gmail.com', 'Entusiasta de la música Pop y su capacidad para levantar el ánimo. Disfruto de artistas como Michael Jackson, Madonna y Lady Gaga.'),
(42, 'Daniela', 'Herrera', 20, 'Femenino', 71569874, 'daniela@gmail.com', 'Apasionada por el Rock alternativo y su diversidad sonora. Mis bandas favoritas incluyen a Radiohead, Muse y Red Hot Chili Peppers.'),
(43, 'Ricardo', 'Mendoza', 23, 'Masculino', 79569832, 'ricardo@gmail.com', 'Aficionado al Rap y sus letras profundas. Disfruto de artistas como Eminem, Tupac y Nas.'),
(44, 'Marcela', 'López', 21, 'Femenino', 73659874, 'marcela@gmail.com', 'Melómana dedicada a explorar los sonidos del Jazz y el Blues. Disfruto de artistas como Miles Davis, John Coltrane y BB King.'),
(45, 'Felipe', 'Vargas', 23, 'Masculino', 79856321, 'felipe@gmail.com', 'Aficionado al Metal y sus subgéneros intensos. Mis bandas favoritas incluyen a Metallica, Slayer y Megadeth.'),
(46, 'Ana María', 'Ramírez', 22, 'Femenino', 71459832, 'anamaria@gmail.com', 'Seguidora del Reggae y su mensaje positivo. Disfruto de artistas como Bob Marley, Peter Tosh y Damian Marley.'),
(47, 'Abdel', 'González', 24, 'Masculino', 78569321, 'santiago@gmail.com', 'Apasionado por la música Clásica y su profundidad emocional. Mis compositores favoritos son Ludwig van Beethoven, Wolfgang Amadeus Mozart y Johann Sebastian Bach.'),
(48, 'Catalina', 'Fernández', 20, 'Femenino', 72569874, 'catalina@gmail.com', 'Entusiasta del Funk y su ritmo contagioso. Mis artistas favoritos incluyen a James Brown, Earth, Wind & Fire y Parliament-Funkadelic.'),
(49, 'Adriel', 'Ortega', 25, 'Masculino', 76549832, 'sebastian@gmail.com', 'Seguidor del Rock alternativo y sus innovadores sonidos. Disfruto de bandas como Arctic Monkeys, Tame Impala y The Strokes.'),
(50, 'Malena', 'Gómez', 22, 'Femenino', 72569874, 'valentina@gmail.com', 'Amante de la música Indie y su atmósfera envolvente. Mis artistas favoritos incluyen a Bon Iver, Florence + The Machine y Arcade Fire.'),
(51, 'Alan', 'Díaz', 24, 'Masculino', 74569321, 'manuel@gmail.com', 'Entusiasta del Hip-hop y su capacidad para contar historias. Disfruto de artistas como Kendrick Lamar, J. Cole y Tyler, The Creator.'),
(52, 'Nora', 'Herrera', 20, 'Femenino', 71569874, 'daniela@gmail.com', 'Apasionada por la música Electrónica y sus ritmos energéticos. Mis géneros favoritos incluyen el House, el Techno y el Trance.'),
(53, 'Alfonso', 'Mendoza', 23, 'Masculino', 79569832, 'ricardo@gmail.com', 'Aficionado al Jazz y su improvisación creativa. Disfruto de artistas como John Coltrane, Miles Davis y Thelonious Monk.'),
(54, 'Rebeca', 'López', 21, 'Femenino', 73659874, 'marcela@gmail.com', 'Melómana dedicada a explorar los sonidos del Jazz y el Blues. Disfruto de artistas como Miles Davis, John Coltrane y BB King.'),
(55, 'Alonso', 'Vargas', 23, 'Masculino', 79856321, 'felipe@gmail.com', 'Aficionado al Metal y sus subgéneros intensos. Mis bandas favoritas incluyen a Metallica, Slayer y Megadeth.'),
(56, 'Alessia', 'Ramírez', 22, 'Femenino', 71459832, 'anamaria@gmail.com', 'Seguidora del Reggae y su mensaje positivo. Disfruto de artistas como Bob Marley, Peter Tosh y Damian Marley.'),
(57, 'Andre', 'González', 24, 'Masculino', 78569321, 'santiago@gmail.com', 'Apasionado por la música Clásica y su profundidad emocional. Mis compositores favoritos son Ludwig van Beethoven, Wolfgang Amadeus Mozart y Johann Sebastian Bach.'),
(58, 'Palma', 'Fernández', 20, 'Femenino', 72569874, 'catalina@gmail.com', 'Entusiasta del Funk y su ritmo contagioso. Mis artistas favoritos incluyen a James Brown, Earth, Wind & Fire y Parliament-Funkadelic.'),
(59, 'Natalia', 'Rojas', 26, 'Femenino', 78541236, 'natalia@gmail.com', 'Apasionada por la música Latina y su diversidad de ritmos. Disfruto de la Salsa, la Bachata y el Merengue para bailar toda la noche.'),
(60, 'Antonio', 'Suárez', 24, 'Masculino', 75649832, 'ricardo@gmail.com', 'Entusiasta de la música Electrónica y sus sonidos vanguardistas. Mis géneros favoritos incluyen el Techno, el Trance y la música Experimental.'),
(61, 'Olivia', 'Herrera', 23, 'Femenino', 72569814, 'valeria@gmail.com', 'Seguidora del Rock clásico y sus himnos atemporales. Mis bandas favoritas incluyen a Led Zeppelin, Pink Floyd y The Beatles.'),
(62, 'Ariel', 'Gómez', 22, 'Masculino', 73659874, 'luis@gmail.com', 'Melómano dedicado al Pop y sus melodías pegajosas. Disfruto de artistas como Michael Jackson, Madonna y Bruno Mars.'),
(63, 'Paola', 'Martínez', 27, 'Femenino', 79856321, 'paola@gmail.com', 'Aficionada al Hip-hop y su capacidad para transmitir realidades. Mis artistas favoritos incluyen a Tupac, Nas y Jay-Z.'),
(64, 'Beck', 'Jiménez', 25, 'Masculino', 71459832, 'martin@gmail.com', 'Apasionado por la música Country y sus letras nostálgicas. Disfruto de artistas como Johnny Cash, Willie Nelson y Dolly Parton.'),
(65, 'Romina', 'Sánchez', 21, 'Femenino', 78569321, 'camila@gmail.com', 'Fanática del Reggaeton y su ritmo contagioso. Mis artistas favoritos incluyen a Daddy Yankee, Maluma y Ozuna.'),
(66, 'Benjamin', 'Fernández', 23, 'Masculino', 72569874, 'diego@gmail.com', 'Seguidor del Punk y su actitud rebelde. Disfruto de bandas como Ramones, Sex Pistols y The Clash.'),
(67, 'Amanda', 'López', 22, 'Femenino', 75648932, 'carolina@gmail.com', 'Amante de la música Indie y su atmósfera introspectiva. Mis artistas favoritos incluyen a Arctic Monkeys, Tame Impala y Radiohead.'),
(68, 'Bill', 'Rodríguez', 24, 'Masculino', 78569432, 'andres@gmail.com', 'Entusiasta de la música Ska y su energía festiva. Disfruto de bandas como The Specials, Madness y Reel Big Fish.'),
(69, 'Fabiola', 'Gutiérrez', 25, 'Femenino', 78569324, 'fabiola@gmail.com', 'Melómana dedicada a explorar los sonidos del Jazz y el Blues. Disfruto de artistas como Ella Fitzgerald, Billie Holiday y B.B. King.'),
(70, 'Roberto', 'Mendoza', 27, 'Masculino', 79856324, 'roberto@gmail.com', 'Aficionado al Rock alternativo y su diversidad de sonidos. Mis bandas favoritas incluyen a Radiohead, Arctic Monkeys y The Strokes.'),
(71, 'Hannah', 'Rodríguez', 22, 'Femenino', 72569834, 'sofia@gmail.com', 'Entusiasta del Reggaeton y su ritmo contagioso. Mis artistas favoritos incluyen a J Balvin, Karol G y Bad Bunny.'),
(72, 'Carlos', 'Hernández', 26, 'Masculino', 73659814, 'gabriel@gmail.com', 'Seguidor del Rap y su habilidad para transmitir historias. Disfruto de artistas como Kendrick Lamar, Nas y Eminem.'),
(73, 'Iris', 'Sánchez', 24, 'Femenino', 79856314, 'valentina@gmail.com', 'Amante de la música Latina y sus ritmos calientes. Disfruto de la Salsa, el Reggaeton y la Bachata para bailar toda la noche.'),
(74, 'Javier', 'Gómez', 23, 'Masculino', 72569864, 'javier@gmail.com', 'Apasionado por la música Electrónica y su energía vibrante. Mis géneros favoritos incluyen el Techno, el House y la música Trance.'),
(75, 'Carla', 'Martínez', 25, 'Femenino', 75649824, 'carla@gmail.com', 'Entusiasta del Pop y sus melodías pegajosas. Mis artistas favoritos incluyen a Madonna, Britney Spears y Lady Gaga.'),
(76, 'Emilio', 'García', 27, 'Masculino', 73659864, 'emilio@gmail.com', 'Aficionado al Metal y su potencia sonora. Mis bandas favoritas incluyen a Metallica, Iron Maiden y Slayer.'),
(77, 'Renata', 'Vargas', 22, 'Femenino', 78569314, 'renata@gmail.com', 'Seguidora de la música Indie y su atmósfera melancólica. Disfruto de bandas como Arctic Monkeys, The Smiths y Vampire Weekend.'),
(78, 'Hugo', 'López', 25, 'Masculino', 79856334, 'hugo@gmail.com', 'Fanático del Reggae y su mensaje positivo. Mis artistas favoritos incluyen a Bob Marley, Peter Tosh y Jimmy Cliff.'),
(79, 'Sarah', 'Fernández', 23, 'Femenino', 76549832, 'laurafernandez@gmail.com', 'Melómana dedicada a explorar los sonidos del Jazz y el Soul. Disfruto de artistas como Nina Simone, Aretha Franklin y Bill Withers.'),
(80, 'Fabian', 'Torres', 28, 'Masculino', 79852361, 'diego@gmail.com', 'Aficionado al Rock clásico y su influencia perdurable. Mis bandas favoritas incluyen a The Beatles, Led Zeppelin y The Rolling Stones.'),
(81, 'Yara', 'Soto', 20, 'Femenino', 72569854, 'valeria@gmail.com', 'Amante del Reggaeton y su ritmo envolvente. Mis artistas favoritos incluyen a Daddy Yankee, Nicky Jam y Ozuna.'),
(82, 'Fabricio', 'Martínez', 26, 'Masculino', 73659824, 'sebastian@gmail.com', 'Seguidor del Hip-hop y su capacidad para contar historias. Disfruto de artistas como Tupac, Notorious B.I.G. y Jay-Z.'),
(83, 'Sabrina', 'García', 24, 'Femenino', 79856354, 'lucia@gmail.com', 'Entusiasta de la música Latina y su diversidad de estilos. Disfruto de la Salsa, el Merengue y la Cumbia para animar cualquier fiesta.'),
(84, 'Fran', 'Flores', 23, 'Masculino', 72569844, 'martin@gmail.com', 'Apasionado por la música Electrónica y su innovación constante. Mis géneros favoritos incluyen el Techno, el Trance y la música House.'),
(85, 'Gilda', 'Ruiz', 26, 'Femenino', 75649854, 'carolina@gmail.com', 'Fanática del Pop y su capacidad para emocionar. Mis artistas favoritos incluyen a Michael Jackson, Madonna y Britney Spears.'),
(86, 'Joaquín', 'Sánchez', 28, 'Masculino', 73659874, 'joaquin@gmail.com', 'Aficionado al Heavy Metal y su intensidad sonora. Mis bandas favoritas incluyen a Black Sabbath, Judas Priest y Iron Maiden.'),
(87, 'Marina', 'López', 21, 'Femenino', 78569364, 'marina@gmail.com', 'Seguidora de la música Indie y su autenticidad. Disfruto de bandas como Arctic Monkeys, Tame Impala y The Strokes.'),
(88, 'Alejandra', 'Martínez', 24, 'Femenino', 79856344, 'alejandra@gmail.com', 'Amante del Reggae y su mensaje de amor y unidad. Mis artistas favoritos incluyen a Bob Marley, Damian Marley y Ziggy Marley.'),
(89, 'Rosa', 'Martínez', 22, 'Femenino', 76549833, 'rosa@gmail.com', 'Melómana apasionada por el Jazz y el Swing. Disfruto de artistas como Louis Armstrong, Duke Ellington y Ella Fitzgerald.'),
(90, 'Gustavo', 'González', 27, 'Masculino', 79852362, 'santiago@gmail.com', 'Amante del Rock alternativo y su expresión genuina. Mis bandas favoritas incluyen a Radiohead, Pearl Jam y Nirvana.'),
(91, 'Mariah', 'Pérez', 21, 'Femenino', 72569855, 'catalina@gmail.com', 'Seguidora del Reggaeton y su ritmo contagioso. Mis artistas favoritos incluyen a Daddy Yankee, Nicky Jam y Maluma.'),
(92, 'Ignacio', 'Hernández', 25, 'Masculino', 73659825, 'andres@gmail.com', 'Aficionado al Rap y su habilidad para transmitir mensajes. Disfruto de artistas como Eminem, Kendrick Lamar y J. Cole.'),
(93, 'Fernanda', 'Díaz', 23, 'Femenino', 79856355, 'fernanda@gmail.com', 'Fanática de la música Latina y su diversidad de estilos. Disfruto de la Salsa, el Merengue y la Bachata para bailar y divertirme.'),
(94, 'Martina', 'Martínez', 24, 'Femenino', 72569845, 'martina@gmail.com', 'Apasionada por la música Electrónica y su energía vibrante. Mis géneros favoritos incluyen el Techno, el Trance y el House.'),
(95, 'Eduardo', 'Ruiz', 26, 'Masculino', 75649855, 'eduardo@gmail.com', 'Entusiasta del Pop y su capacidad para emocionar. Mis artistas favoritos incluyen a Michael Jackson, Madonna y Lady Gaga.'),
(96, 'Zoé', 'Sánchez', 28, 'Femenino', 73659875, 'ana@gmail.com', 'Aficionada al Heavy Metal y su intensidad sonora. Mis bandas favoritas incluyen a Metallica, Megadeth y Iron Maiden.'),
(97, 'James', 'López', 21, 'Masculino', 78569365, 'diego@gmail.com', 'Seguidor de la música Indie y su autenticidad. Disfruto de bandas como Arctic Monkeys, Tame Impala y Arcade Fire.'),
(98, 'Bianca', 'Martínez', 24, 'Femenino', 79856345, 'maria@gmail.com', 'Amante del Reggae y su mensaje de amor y unidad. Mis artistas favoritos incluyen a Bob Marley, Damian Marley y Toots and the Maytals.'),
(99, 'Lucas', 'Gómez', 22, 'Masculino', 76549834, 'lucas@gmail.com', 'Melómano apasionado por el Blues y su expresión emocional. Disfruto de artistas como B.B. King, Robert Johnson y Eric Clapton.'),
(100, 'Emma', 'López', 27, 'Femenino', 79852363, 'mariajose@gmail.com', 'Seguidora del Rock alternativo y su diversidad de sonidos. Mis bandas favoritas incluyen a Radiohead, Muse y Arctic Monkeys.'),
(101, 'Jesus', 'Santos', 21, 'Masculino', 72569856, 'pedro@gmail.com', 'Aficionado al Reggaeton y su ritmo contagioso. Mis artistas favoritos incluyen a Daddy Yankee, Maluma y J Balvin.'),
(102, 'Zara', 'Gutiérrez', 25, 'Femenino', 73659826, 'valentina@gmail.com', 'Fanática del Rap y su habilidad para contar historias. Disfruto de artistas como Eminem, Nas y Kendrick Lamar.'),
(103, 'John', 'Rojas', 23, 'Masculino', 79856356, 'martinrojas@gmail.com', 'Amante de la música Latina y sus ritmos calientes. Disfruto de la Salsa, la Bachata y el Merengue para bailar toda la noche.'),
(104, 'Julieta', 'Pérez', 24, 'Femenino', 72569846, 'julieta@gmail.com', 'Apasionada por la música Electrónica y sus beats envolventes. Mis géneros favoritos incluyen el Techno, el House y el Trance.'),
(105, 'Julio', 'Suarez', 26, 'Masculino', 75649856, 'gabriel@gmail.com', 'Entusiasta del Pop y su capacidad para animar. Mis artistas favoritos incluyen a Michael Jackson, Madonna y Justin Timberlake.'),
(106, 'Aurora', 'Gómez', 28, 'Femenino', 73659876, 'carla@gmail.com', 'Aficionada al Heavy Metal y su energía poderosa. Mis bandas favoritas incluyen a Metallica, Iron Maiden y Slayer.'),
(107, 'Luciana', 'González', 21, 'Femenino', 78569366, 'luciana@gmail.com', 'Seguidora de la música Indie y su autenticidad. Disfruto de bandas como Arctic Monkeys, Tame Impala y The Strokes.'),
(108, 'Max', 'Martínez', 24, 'Masculino', 79856346, 'sergio@gmail.com', 'Amante del Reggae y su mensaje de positividad. Mis artistas favoritos incluyen a Bob Marley, Toots and the Maytals y Jimmy Cliff.'),
(109, 'Junior', 'Gomez', 22, 'Masculino', 76549835, 'diego@gmail.com', 'Melómano apasionado por el Jazz y el Blues. Disfruto de artistas como Miles Davis, John Coltrane y B.B. King.'),
(110, 'Belinda', 'Díaz', 27, 'Femenino', 79852364, 'laura@gmail.com', 'Seguidora del Rock alternativo y su diversidad sonora. Mis bandas favoritas incluyen a Radiohead, Muse y The Black Keys.'),
(111, 'Max', 'Sánchez', 21, 'Masculino', 72569857, 'andres@gmail.com', 'Aficionado al Reggaeton y su ritmo contagioso. Mis artistas favoritos incluyen a Daddy Yankee, Ozuna y J Balvin.'),
(112, 'Grace', 'García', 25, 'Femenino', 73659827, 'maria@gmail.com', 'Fanática del Rap y su capacidad para contar historias. Disfruto de artistas como Eminem, Drake y Kendrick Lamar.'),
(113, 'Miguel', 'Jimenez', 23, 'Masculino', 79856357, 'carlos@gmail.com', 'Amante de la música Latina y sus ritmos calientes. Disfruto de la Salsa, la Bachata y el Merengue para bailar toda la noche.'),
(114, 'Francisca', 'Pérez', 24, 'Femenino', 72569847, 'valeria@gmail.com', 'Apasionada por la música Electrónica y sus beats envolventes. Mis géneros favoritos incluyen el Techno, el House y el Trance.'),
(115, 'Percy', 'Ruiz', 26, 'Masculino', 75649857, 'juanruiz@gmail.com', 'Entusiasta del Pop y su capacidad para animar. Mis artistas favoritos incluyen a Michael Jackson, Madonna y Bruno Mars.'),
(116, 'Florencia', 'Gómez', 28, 'Femenino', 73659877, 'florencia@gmail.com', 'Aficionada al Heavy Metal y su energía poderosa. Mis bandas favoritas incluyen a Metallica, Iron Maiden y Judas Priest.'),
(117, 'Rafael', 'González', 21, 'Masculino', 78569367, 'gustavo@gmail.com', 'Seguidor de la música Indie y su autenticidad. Disfruto de bandas como Arctic Monkeys, Tame Impala y The Strokes.'),
(118, 'Jessica', 'Valverde', 24, 'Femenino', 79856347, 'anamaria@gmail.com', 'Amante del Reggae y su mensaje de positividad. Mis artistas favoritos incluyen a Bob Marley, UB40 y SOJA.');

--
-- Restricciones para tablas volcadas
--

--
-- Filtros para la tabla `gustos`
--
ALTER TABLE `gustos`
  ADD CONSTRAINT `gustos_ibfk_1` FOREIGN KEY (`id_usuario`) REFERENCES `usuarios` (`id_usuario`),
  ADD CONSTRAINT `gustos_ibfk_2` FOREIGN KEY (`id_genero`) REFERENCES `genero_musical` (`id_genero`);

--
-- Filtros para la tabla `gustos_artista`
--
ALTER TABLE `gustos_artista`
  ADD CONSTRAINT `gustos_artista_ibfk_2` FOREIGN KEY (`id_usuario`) REFERENCES `usuarios` (`id_usuario`),
  ADD CONSTRAINT `gustos_artista_ibfk_1` FOREIGN KEY (`id_artista`) REFERENCES `artistas` (`id_artista`);

/*!40101 SET CHARACTER_SET_CLIENT=@OLD_CHARACTER_SET_CLIENT */;
/*!40101 SET CHARACTER_SET_RESULTS=@OLD_CHARACTER_SET_RESULTS */;
/*!40101 SET COLLATION_CONNECTION=@OLD_COLLATION_CONNECTION */;
